food_id,food_name,calories,protein,carbs,fats,MealType,diabetes_friendly,kidney_friendly,obesity_friendly
0,Roti 1,191,3.303187122190174,11.317433673632797,4.192067971322064,Breakfast,1,0,1
1,Dal 1,170,27.948155225646488,37.335147282016734,1.1694922264199183,Snacks,0,0,0
2,Rice 1,351,11.033281184287906,11.647940595833344,15.382079393872656,Snacks,0,0,0
3,Vegetable Curry 1,209,28.99506122083059,31.70296986060619,8.221793039993699,Snacks,1,0,0
4,Chicken Curry 1,410,28.698743612980465,26.73269169991847,24.37005530944925,Dinner,0,1,1
5,Fish Curry 1,382,25.79414721333444,18.91907294534967,1.8082907734701434,Breakfast,1,1,0
6,Sambar 1,351,6.708701293101241,56.79361064988674,17.708772840341748,Dinner,1,1,0
7,Idli 1,126,2.9288885561594045,61.52021825302858,6.6855294844062625,Lunch,1,1,1
8,Dosa 1,197,27.992364392294004,12.55434031080195,16.02416847181192,Dinner,1,1,0
9,Upma 1,146,12.456672931596504,47.96311811101654,24.323581513649422,Lunch,0,1,0
10,Poha 1,380,24.40943962921486,30.55539510664785,5.764250778974467,Lunch,1,1,1
11,Paratha 1,158,10.12276166596707,48.16362481820717,2.289486848180773,Lunch,1,0,0
12,Paneer Tikka 1,355,16.560737618839624,22.021438534576124,8.65953046117495,Snacks,0,1,0
13,Mixed Veg 1,387,12.080004642529303,5.049403882220814,1.3349524066744118,Lunch,1,0,1
14,Dal Makhani 1,493,10.902702496052152,71.8033325274013,2.8157665691389218,Dinner,1,1,0
15,Biryani 1,115,24.825294460636382,6.319826442613934,13.324145134369019,Lunch,0,0,1
16,Pulao 1,195,9.411161312884065,35.48524940444323,10.163817672640953,Dinner,0,1,1
17,Khichdi 1,474,27.263908392161827,63.65111170793593,13.94764674652465,Snacks,1,0,0
18,Salad 1,281,8.372876752034777,65.3147661832233,8.788655607616306,Lunch,0,0,1
19,Soup 1,118,17.03117588014186,37.03828638787437,21.235426735709115,Lunch,1,1,0
20,Roti 2,66,6.900981661053771,56.0906366791996,6.799676258946993,Dinner,1,1,1
21,Dal 2,360,22.558948066337212,64.54545637751309,23.665161335049568,Breakfast,1,0,1
22,Rice 2,181,8.691508565641701,37.16162427090759,11.162830694744754,Lunch,1,0,1
23,Vegetable Curry 2,486,26.344127919082606,12.816320107298196,16.806057400954725,Snacks,0,1,1
24,Chicken Curry 2,356,9.46835427946503,39.4241506941797,11.409123390195067,Breakfast,1,1,0
25,Fish Curry 2,361,26.65177488534504,54.182667923888005,17.516016201646693,Lunch,0,0,1
26,Sambar 2,411,24.268034054559003,17.272034546940194,22.004324588508723,Dinner,1,1,1
27,Idli 2,461,22.106114437894842,14.013165285595887,4.038439123058626,Breakfast,0,0,1
28,Dosa 2,384,15.394840627522775,72.88106551349536,2.2903209214898803,Lunch,0,1,1
29,Upma 2,341,5.213983940936014,79.06601698600068,4.702101518019127,Snacks,1,1,1
30,Poha 2,407,7.657635244630187,73.66275981854353,24.200306920612135,Lunch,1,0,1
31,Paratha 2,397,9.985791593237767,28.8682058348243,14.912842606231752,Snacks,1,0,0
32,Paneer Tikka 2,368,20.278557209513966,31.05332438541885,22.24773138370464,Breakfast,1,1,1
33,Mixed Veg 2,99,1.2432974565512884,35.04119629411002,16.2237480593978,Breakfast,1,1,0
34,Dal Makhani 2,447,12.010138304415332,52.894872740769394,1.6684804357087026,Lunch,1,1,1
35,Biryani 2,327,16.093348361650854,19.968850953248463,3.2030894326878405,Breakfast,1,1,1
36,Pulao 2,373,4.655355246659764,57.24282703271961,9.566499690542285,Dinner,1,1,1
37,Khichdi 2,157,22.496161246029107,73.94752078399482,20.375095374854553,Lunch,0,1,1
38,Salad 2,410,27.047512208127728,44.79357143950245,9.974690389962536,Lunch,1,0,1
39,Soup 2,453,23.311032085214084,72.06851440224929,23.277924681075916,Breakfast,0,0,0
40,Roti 3,366,3.5863666216842476,51.456949345762766,10.886008580976593,Dinner,1,0,1
41,Dal 3,87,10.737795436986785,9.040972244743527,23.17916792047796,Dinner,1,0,1
42,Rice 3,309,10.455175931638479,33.17517734431756,18.786504791957782,Breakfast,1,1,1
43,Vegetable Curry 3,233,12.80492041814401,68.76319178750978,7.767730104625317,Snacks,1,1,1
44,Chicken Curry 3,134,2.5575305546270366,71.83231717872505,21.99422582800381,Breakfast,1,1,1
45,Fish Curry 3,238,22.592629747757396,23.969726414308223,10.578449760779566,Lunch,1,1,1
46,Sambar 3,81,10.403546651634652,71.44038291187525,15.703406918716045,Breakfast,1,1,0
47,Idli 3,107,13.743199156101415,27.221188935998903,4.599290541470951,Breakfast,1,1,0
48,Dosa 3,124,1.7770396413335403,56.1659011095832,14.465133360138854,Breakfast,1,1,1
49,Upma 3,279,28.252944088493475,79.06321813878343,2.446754673930423,Lunch,1,0,1
50,Poha 3,120,15.346156575505258,55.878765922048366,20.79053240173075,Lunch,0,1,1
51,Paratha 3,432,8.464827259202249,15.762116330220401,21.0366153974183,Breakfast,0,0,1
52,Paneer Tikka 3,434,3.2963876443397404,14.489540143556614,14.208102465115882,Snacks,1,1,0
53,Mixed Veg 3,100,6.063729288135147,27.417215317707548,17.746058374464397,Dinner,0,0,1
54,Dal Makhani 3,90,10.419977020163895,49.54703623861296,2.883620707684149,Lunch,0,0,0
55,Biryani 3,408,26.643881141950718,33.4129871726288,24.5538686536537,Lunch,0,1,1
56,Pulao 3,204,14.89233037367088,68.29688670251909,13.177743633343837,Snacks,1,0,1
57,Khichdi 3,401,11.937348563519102,29.70453566881372,18.923375043192156,Snacks,1,0,1
58,Salad 3,203,27.6711893458545,59.83157151881948,7.601581650689902,Breakfast,1,0,1
59,Soup 3,483,19.027207276956794,48.25166729390931,18.84347960269998,Lunch,1,1,0
60,Roti 4,286,20.522060323330457,55.71056821052726,21.404147163946377,Snacks,1,1,1
61,Dal 4,97,5.254058157074257,52.09715280013688,18.061939314974374,Snacks,1,1,1
62,Rice 4,270,6.603004865817189,34.48197522594688,15.156075206758771,Snacks,1,0,1
63,Vegetable Curry 4,190,24.5814617494267,63.45230610621468,18.973491412655775,Dinner,1,1,0
64,Chicken Curry 4,372,23.797372490770677,65.65665596079347,22.999642207692965,Dinner,1,1,1
65,Fish Curry 4,213,23.794013556069057,60.369613137716215,10.411756612029567,Snacks,0,1,1
66,Sambar 4,246,2.9003105318998768,17.394449631890872,13.206605203783436,Breakfast,1,0,1
67,Idli 4,50,8.452610168759625,70.29569621321784,11.29666028186326,Breakfast,1,1,1
68,Dosa 4,287,12.607729248404912,60.68603857145999,16.973631376092104,Dinner,1,1,1
69,Upma 4,301,7.626187440051192,24.5184320377721,16.285375246521056,Lunch,0,0,0
70,Poha 4,179,9.642969345493018,60.18533386585048,24.385885724795088,Snacks,1,1,0
71,Paratha 4,269,10.682858023970741,74.64177287488238,1.937468011787785,Dinner,0,0,0
72,Paneer Tikka 4,251,8.919691673214295,58.73052711145599,24.671723373594048,Lunch,0,0,1
73,Mixed Veg 4,137,5.604939109758677,58.34930175621266,20.547906727214073,Lunch,1,0,1
74,Dal Makhani 4,249,17.02316480233454,34.99333667098166,1.063590359588023,Lunch,1,1,1
75,Biryani 4,357,13.067497210171032,39.7908330635409,5.754377286744059,Dinner,0,0,1
76,Pulao 4,148,10.378195836816692,49.308496235189374,6.081121167141266,Breakfast,0,0,1
77,Khichdi 4,420,3.0541285102721356,77.57665601102971,20.884777634400553,Dinner,1,1,1
78,Salad 4,448,14.637225121737707,79.68203432815085,2.591070683280721,Breakfast,1,1,0
79,Soup 4,288,13.729504294285341,68.51871218094627,24.04730391573192,Dinner,1,1,1
80,Roti 5,453,17.043160280863862,44.49476309138865,22.014887014315782,Dinner,1,1,0
81,Dal 5,448,4.443474675257149,70.45099810288409,23.920765311325752,Breakfast,0,0,1
82,Rice 5,126,28.441109684603244,26.18491494969969,2.6765796600131857,Breakfast,1,1,1
83,Vegetable Curry 5,344,15.3461212974878,69.12716078473116,7.5078120383223,Dinner,1,0,1
84,Chicken Curry 5,133,20.283907190613338,60.85381452290933,9.694568170054092,Breakfast,1,1,1
85,Fish Curry 5,324,22.67277145979737,23.62812516806522,11.624863886498279,Lunch,1,0,1
86,Sambar 5,291,6.449503804125914,7.2229019194598525,2.2457060632165975,Snacks,1,0,1
87,Idli 5,341,13.262237265263291,60.83052975746813,11.889968773179103,Snacks,1,1,1
88,Dosa 5,356,29.439793526552926,45.076707871222645,19.465265930236814,Lunch,0,1,1
89,Upma 5,251,26.38865513007464,74.74940305064958,1.8085775197084466,Snacks,0,0,1
90,Poha 5,492,2.9022933562001443,63.70265088313313,6.618590437436574,Lunch,1,0,0
91,Paratha 5,178,14.616891039747976,42.59582572266966,17.325075917817124,Snacks,1,0,1
92,Paneer Tikka 5,394,2.5883757963561904,7.594042538465441,23.23735953310092,Lunch,1,1,1
93,Mixed Veg 5,174,20.544571887692243,51.38586750693244,7.789828244905918,Lunch,0,0,0
94,Dal Makhani 5,96,11.142054294889714,25.68813646915944,11.234540190760379,Snacks,1,1,0
95,Biryani 5,379,1.6222954259302784,30.830251069629863,3.9416686149463604,Lunch,1,0,1
96,Pulao 5,452,23.8450150863237,71.89032453196258,5.696699108925289,Snacks,1,0,0
97,Khichdi 5,144,26.104997053627258,70.15540114537325,4.0410316918995335,Dinner,0,1,1
98,Salad 5,216,18.122567904430266,15.936103464775556,6.244376043765698,Snacks,1,1,1
99,Soup 5,359,6.83367473363659,63.5727421170602,15.510779607570377,Snacks,1,1,1
100,Roti 6,63,25.03445752383633,30.92450934471983,7.988008455852451,Snacks,1,0,0
101,Dal 6,170,15.061004284989412,52.97422241877063,8.569735658996812,Breakfast,0,1,1
102,Rice 6,494,15.219610195686954,26.494072337806628,1.2721664123856495,Breakfast,0,0,1
103,Vegetable Curry 6,197,22.148078080443337,9.015228329834988,23.641992383804844,Breakfast,0,1,1
104,Chicken Curry 6,94,27.922203831880335,27.9836451261557,1.2719368757623597,Lunch,0,1,1
105,Fish Curry 6,334,5.10025486150184,46.312844957802525,5.251283951669286,Snacks,1,1,1
106,Sambar 6,423,2.9652336497048264,54.49449509862426,10.198646484399024,Breakfast,1,0,1
107,Idli 6,205,26.128932474776033,23.306120490788253,13.71654418313277,Snacks,1,0,1
108,Dosa 6,454,8.724630675675114,14.15286179540266,8.882933827940061,Snacks,0,1,0
109,Upma 6,203,21.96586372826225,77.41014057013037,24.671670866229,Snacks,1,1,1
110,Poha 6,247,7.708676803265262,59.7690817204321,3.6468125857126843,Dinner,0,1,0
111,Paratha 6,221,20.827549583211244,12.327762170733898,11.2857255041231,Snacks,1,1,1
112,Paneer Tikka 6,370,12.468226863484768,61.02094859402668,3.0131285114532504,Breakfast,0,0,0
113,Mixed Veg 6,178,13.208859687097538,49.56016313805327,1.5297521593735572,Dinner,0,1,1
114,Dal Makhani 6,464,8.460743919736245,67.04192961946617,22.055094487910274,Dinner,1,1,0
115,Biryani 6,175,9.338920474909896,58.80115085465058,16.900723741970587,Dinner,1,1,0
116,Pulao 6,60,19.798084458371708,76.79805936295756,23.231722547116288,Snacks,1,1,1
117,Khichdi 6,378,7.711503133170712,74.46602770667344,22.586280001536835,Breakfast,1,1,1
118,Salad 6,373,2.159881091315324,25.566765977122834,15.428192420551753,Lunch,1,1,1
119,Soup 6,299,26.44229077524771,77.53962825869797,8.982477887994689,Breakfast,1,1,1
120,Roti 7,312,26.100384657797978,25.786117691162772,5.840960858267277,Lunch,1,1,1
121,Dal 7,339,16.70782338297193,48.05561744784523,5.2344961303471464,Snacks,1,1,1
122,Rice 7,120,28.004178027816657,75.58892212104416,4.212859419647824,Breakfast,1,1,1
123,Vegetable Curry 7,461,1.9052915793550271,15.179953337037084,6.245274979524917,Lunch,1,1,1
124,Chicken Curry 7,252,5.350677603623111,77.41542028596062,14.658190168099953,Lunch,1,0,0
125,Fish Curry 7,97,1.7265737439204365,33.81217002553501,17.001180314873906,Snacks,0,1,1
126,Sambar 7,367,12.67849150725357,6.87535361909599,11.359684966258373,Dinner,0,1,1
127,Idli 7,466,25.945207358365995,9.930065064362113,22.339466361424613,Snacks,1,1,1
128,Dosa 7,89,7.275010364382659,15.398189548932974,16.187046515934956,Dinner,0,0,1
129,Upma 7,335,20.030364240486207,20.0146463788113,21.34864572345586,Dinner,0,1,1
130,Poha 7,69,29.955571799160857,29.568303967188847,17.475697636950464,Snacks,1,1,0
131,Paratha 7,378,7.404497625555592,78.05330179765615,20.397033828824924,Breakfast,0,0,1
132,Paneer Tikka 7,66,25.63025489061037,44.53486880047833,24.62513063012426,Snacks,1,1,1
133,Mixed Veg 7,378,1.542814301486565,61.9388510609749,10.759157012569407,Breakfast,1,1,0
134,Dal Makhani 7,171,13.759132191935366,44.096471477912345,6.420480858625736,Snacks,1,1,0
135,Biryani 7,97,22.385242089186455,25.172662261916788,10.268453830644443,Dinner,1,0,1
136,Pulao 7,110,22.99306871448508,70.6463592292056,18.19037731967883,Snacks,1,1,0
137,Khichdi 7,246,21.775635039250353,42.26849053087574,1.91882078488638,Dinner,1,1,0
138,Salad 7,66,4.841506880549559,78.37086306144577,2.0575905107257384,Dinner,1,0,1
139,Soup 7,308,12.10547082168664,77.52115015718059,17.766279286790407,Breakfast,0,1,0
140,Roti 8,106,5.767894981307905,53.025158854753265,10.498460725189258,Lunch,1,0,1
141,Dal 8,453,20.422096118111085,79.83939264581758,9.847800460254547,Breakfast,1,1,1
142,Rice 8,243,20.08611883185776,42.7794874681664,18.78739415967569,Dinner,1,1,0
143,Vegetable Curry 8,208,16.276056155940147,75.55191965966144,12.0293760808985,Breakfast,0,0,1
144,Chicken Curry 8,447,7.659877304435886,61.87218736854028,10.163602409608647,Lunch,1,1,1
145,Fish Curry 8,295,21.89838527441938,74.09296722164535,6.599445381598762,Snacks,1,1,0
146,Sambar 8,66,10.995517435074929,54.27390127683633,12.633161499755563,Dinner,1,0,0
147,Idli 8,386,22.609906857254487,34.550456752385685,2.966844501121595,Lunch,1,0,1
148,Dosa 8,419,20.567625903863792,12.291089168124728,13.238432983943726,Dinner,1,0,1
149,Upma 8,108,15.638761633723451,11.654611350361677,7.571712889474215,Lunch,1,1,0
150,Poha 8,229,4.96570092437439,66.6647588419506,10.735790480097204,Breakfast,0,0,1
151,Paratha 8,345,23.342283477427628,31.710287261097932,21.37043206499437,Breakfast,1,1,1
152,Paneer Tikka 8,227,18.600228105661007,35.10770643292675,4.719363326577794,Lunch,1,1,1
153,Mixed Veg 8,448,8.78593995995845,55.40971183772131,10.341821393695733,Lunch,1,1,1
154,Dal Makhani 8,495,25.92711955861413,10.827630600944808,7.694368541124704,Breakfast,1,0,1
155,Biryani 8,274,3.120069202182174,23.060295900707672,18.793765919182356,Dinner,0,1,1
156,Pulao 8,199,24.16338770987834,52.96948695265451,24.17473841106072,Snacks,1,1,1
157,Khichdi 8,412,1.539516761738585,23.72374552904643,22.191838536448422,Snacks,1,0,1
158,Salad 8,310,21.485937543355547,26.636207045808586,18.206917885892832,Breakfast,1,0,1
159,Soup 8,495,25.202406365244897,7.341549595887041,12.936414190222816,Snacks,0,1,1
160,Roti 9,471,26.032862149759946,59.235710185964365,1.7662559483190305,Snacks,1,1,1
161,Dal 9,487,23.144082464285855,38.214097442526565,6.962109981629413,Breakfast,1,1,1
162,Rice 9,89,12.215844546811079,61.83398642085165,20.078824321256963,Lunch,1,0,1
163,Vegetable Curry 9,412,1.594563972049392,47.51249297729482,20.893327411382945,Dinner,1,1,1
164,Chicken Curry 9,135,26.50270766067725,65.6889779288075,6.642155965971271,Lunch,1,1,0
165,Fish Curry 9,64,10.462416751118692,41.32638308489278,13.863297317479313,Snacks,1,0,1
166,Sambar 9,274,26.257828058585044,31.42225838582,5.866678945196469,Snacks,1,1,1
167,Idli 9,394,17.165274515509363,52.18895771037285,16.410614409550092,Snacks,1,1,1
168,Dosa 9,310,16.069679342159034,31.418434072743974,1.8592008133369484,Lunch,1,1,1
169,Upma 9,416,26.792068295401688,17.689116436874706,12.186300300461784,Breakfast,1,1,1
170,Poha 9,169,21.439775856734116,38.58705682028109,24.516207667291646,Dinner,1,0,0
171,Paratha 9,153,5.657297216803847,33.428881179117376,7.0815235185449525,Breakfast,0,0,1
172,Paneer Tikka 9,322,7.864593532427786,57.74782561819487,12.819525967034467,Snacks,1,0,1
173,Mixed Veg 9,78,11.320090812193012,66.3810719252661,14.832274740805909,Snacks,1,0,1
174,Dal Makhani 9,416,11.51861265217762,77.72742628078832,5.7836740324370215,Breakfast,1,0,1
175,Biryani 9,399,4.646460229763645,55.908265933519296,2.3725647357123254,Breakfast,0,1,1
176,Pulao 9,54,2.8018432272449596,37.1863702150242,24.86644232374922,Breakfast,1,1,1
177,Khichdi 9,392,27.552710705515153,67.70633783261994,17.0667524430014,Breakfast,0,1,1
178,Salad 9,317,18.83882777439242,47.52990627923661,11.614105038925072,Snacks,1,0,1
179,Soup 9,418,23.759829133957584,25.154662180584054,19.849131568819868,Lunch,1,1,1
180,Roti 10,498,2.355918192836328,65.26050060430408,6.9059144505502275,Lunch,1,0,1
181,Dal 10,272,12.192085206157037,63.78694305438708,4.213578755504715,Snacks,1,0,1
182,Rice 10,164,29.079056008806333,32.05237307791052,13.640297321397423,Dinner,1,1,0
183,Vegetable Curry 10,436,19.960571321387498,50.11632973411866,23.741523145804543,Breakfast,1,1,0
184,Chicken Curry 10,254,21.089693690158857,37.017326445246674,13.119041225347617,Lunch,1,0,1
185,Fish Curry 10,440,25.387443526215055,27.196373458547995,17.12577177915891,Snacks,1,1,1
186,Sambar 10,232,11.333723434304101,60.440951513492756,6.299042959508317,Lunch,1,1,1
187,Idli 10,414,28.591542209484537,66.7010794635704,20.303366943051692,Breakfast,1,1,1
188,Dosa 10,77,12.84171562748722,17.926324877598624,21.0028288428893,Breakfast,1,1,1
189,Upma 10,66,10.021673901273083,58.697479328746816,22.82905383993363,Breakfast,1,1,1
190,Poha 10,90,23.217616521862197,63.31387995446073,10.939015882084119,Lunch,1,0,1
191,Paratha 10,365,28.469065631959268,37.8029525889151,23.602895773276785,Lunch,1,0,1
192,Paneer Tikka 10,489,7.684006911110092,78.70848122569035,2.567161741192561,Snacks,1,1,0
193,Mixed Veg 10,492,1.2468162934764526,20.12190725606647,19.852556672686394,Snacks,1,1,0
194,Dal Makhani 10,470,26.074826563077288,10.05101197067745,16.710419292742035,Lunch,0,1,1
195,Biryani 10,444,14.53619459014702,77.61013560035423,10.56382821476695,Snacks,1,1,1
196,Pulao 10,58,1.8694532588821517,66.96769658228112,10.031961496366097,Dinner,1,0,0
197,Khichdi 10,195,26.72795710617019,7.123732811849971,12.112702236354213,Dinner,1,0,1
198,Salad 10,334,21.507137641297252,68.50240846674762,18.438604716527447,Lunch,0,1,1
199,Soup 10,362,10.683056000566564,53.65887127656325,12.931085103581555,Dinner,1,0,1
200,Roti 11,262,20.804328456706163,7.5885474092677825,6.591915826650656,Snacks,1,1,1
201,Dal 11,178,13.497172207225903,45.72728551255647,13.499807734935361,Snacks,1,1,1
202,Rice 11,492,4.078868241254937,20.18757906280478,9.149530458603154,Lunch,1,1,1
203,Vegetable Curry 11,185,14.745346229225357,68.89053164757732,14.143443045203597,Snacks,0,1,0
204,Chicken Curry 11,467,24.420771972603113,71.01890670078463,1.2769729454976977,Snacks,0,0,1
205,Fish Curry 11,223,8.502540084696893,43.130129354872885,1.4918193695038573,Snacks,0,0,1
206,Sambar 11,328,4.841467170923462,64.20564627577409,6.192965547628543,Snacks,1,0,1
207,Idli 11,314,13.614763288073066,13.952822954387596,14.533039856418586,Breakfast,1,0,1
208,Dosa 11,329,22.759180780546867,14.68314092884791,1.8229130544314698,Breakfast,0,1,0
209,Upma 11,104,10.852913546387553,70.02083655570243,7.092343069527904,Snacks,1,0,1
210,Poha 11,442,20.893110631625483,72.7161043422465,1.6394439944288974,Breakfast,1,1,0
211,Paratha 11,184,10.182688041805383,55.26438100996196,23.643211991309336,Snacks,1,1,1
212,Paneer Tikka 11,458,2.7799649889796423,12.76160776419174,17.55672719950337,Breakfast,1,1,1
213,Mixed Veg 11,477,22.440310311625765,42.21279370523554,8.88959847622686,Snacks,1,1,1
214,Dal Makhani 11,488,14.861263691558483,15.575946718391233,10.012636317873707,Dinner,0,0,1
215,Biryani 11,413,20.549911578411578,38.57320114409454,11.598914887445117,Dinner,1,1,1
216,Pulao 11,62,10.343845282917936,34.90906024202992,6.4920002990995265,Snacks,1,1,1
217,Khichdi 11,106,10.493216071211519,11.675890944506543,13.049387249959508,Dinner,1,0,1
218,Salad 11,272,7.816187194818279,40.11928212124016,23.361953855805133,Snacks,1,1,1
219,Soup 11,315,26.818556650206204,6.637406668974978,5.666629424510331,Snacks,1,1,0
220,Roti 12,133,15.174242539985123,49.51801896700584,2.2971387976322672,Breakfast,1,1,0
221,Dal 12,319,25.87275803374724,28.792533501736813,12.719257516655938,Lunch,0,0,1
222,Rice 12,431,15.810666945337534,25.462230353973162,19.75019519578835,Snacks,1,1,1
223,Vegetable Curry 12,251,19.16234364796357,19.13572255057086,21.788244960932293,Breakfast,1,1,1
224,Chicken Curry 12,208,10.826081203415436,10.483543948722854,21.26809515165226,Lunch,1,1,0
225,Fish Curry 12,356,5.518596209487005,41.82625417071485,3.5722853278756883,Lunch,0,1,1
226,Sambar 12,101,28.061083205167755,46.38804471080066,6.819587182369945,Lunch,1,1,0
227,Idli 12,495,19.16276057394139,14.6634955348085,12.693014754978918,Breakfast,1,0,1
228,Dosa 12,424,29.775352505726097,27.506323067868458,15.604849253657562,Snacks,0,0,1
229,Upma 12,50,8.012389843985563,34.81561797529095,19.9223669876798,Snacks,1,0,1
230,Poha 12,104,6.06100573383321,22.955509725890593,24.914507191778167,Snacks,1,0,0
231,Paratha 12,104,27.40883114521732,49.3506874884392,8.134559722964362,Snacks,0,0,1
232,Paneer Tikka 12,136,9.305327327336672,61.32396363746594,7.553203511758114,Lunch,0,0,1
233,Mixed Veg 12,250,2.224947827617351,12.984999011932999,9.509101031193142,Lunch,1,0,0
234,Dal Makhani 12,94,4.387714657231562,67.09538637321916,10.971947822387577,Snacks,1,0,1
235,Biryani 12,409,24.819625912888927,24.977186335655542,1.4852866019942637,Snacks,1,1,1
236,Pulao 12,73,24.44327986424813,60.08408698088054,16.339077190965583,Breakfast,1,1,1
237,Khichdi 12,230,19.638747092356535,76.36047579938494,20.167285196844915,Dinner,1,1,0
238,Salad 12,447,10.205354422475027,32.87728366204182,19.697212350623012,Breakfast,1,1,1
239,Soup 12,466,20.404153350073166,8.52035642129638,16.75709033838745,Dinner,0,1,0
240,Roti 13,203,19.693399163625973,41.740691581543594,1.1969342825915472,Breakfast,1,1,1
241,Dal 13,322,26.89508833886332,40.3626927360153,8.579090928269594,Dinner,1,0,1
242,Rice 13,138,4.697592485081521,33.199564465556016,2.417088407048074,Dinner,1,1,0
243,Vegetable Curry 13,325,21.865222488901207,64.72301405758454,9.530439789377152,Dinner,0,0,1
244,Chicken Curry 13,314,5.096963456188713,24.9278115515126,6.824073491486103,Lunch,1,1,1
245,Fish Curry 13,411,6.306962851256129,13.807464125755745,18.21587035593335,Snacks,0,0,1
246,Sambar 13,219,21.462837708177855,21.90152727943784,23.23674973733798,Lunch,1,1,1
247,Idli 13,171,20.349550965494252,74.15205609200109,9.802843182926253,Snacks,0,0,1
248,Dosa 13,368,4.004387914535958,70.46826721739377,24.652190225871724,Lunch,0,1,1
249,Upma 13,335,26.972800883395983,6.311585793152539,23.711343501717252,Breakfast,0,0,1
250,Poha 13,123,1.6693964076538597,62.8158426371818,18.626065461904382,Lunch,0,1,1
251,Paratha 13,71,12.246038740773717,17.385612842664315,17.41500680626531,Breakfast,1,1,1
252,Paneer Tikka 13,351,12.765659494280733,67.33558552584432,19.22041116249469,Dinner,1,0,1
253,Mixed Veg 13,497,29.151824457725716,42.64151052321204,13.177974213654522,Dinner,1,0,1
254,Dal Makhani 13,466,4.329383158991866,11.150501754256073,5.524789553055317,Dinner,1,0,1
255,Biryani 13,207,9.579142386169181,46.87132617777892,18.416993458966054,Breakfast,0,1,1
256,Pulao 13,303,2.514960848634047,71.14921981263154,12.810454848352952,Breakfast,0,1,1
257,Khichdi 13,139,2.587113531169643,57.58968900478471,12.7893087122089,Breakfast,1,1,0
258,Salad 13,439,17.095632592434654,73.27501504983461,2.568731213114922,Dinner,1,1,1
259,Soup 13,415,20.100347270979153,67.95381587206275,6.400425279978806,Lunch,1,1,1
260,Roti 14,343,20.605868901453597,28.120057355805606,8.444709343685997,Snacks,1,1,0
261,Dal 14,86,2.8330860476839437,75.43607453214882,16.12353401857945,Breakfast,1,0,1
262,Rice 14,105,22.48905550360831,71.62076888335044,5.598311808159708,Dinner,1,1,1
263,Vegetable Curry 14,417,18.79935957449054,49.737140200908065,21.03724846198059,Dinner,1,0,1
264,Chicken Curry 14,414,28.011488622704086,21.307042289963306,10.528954525188741,Dinner,1,0,0
265,Fish Curry 14,80,15.61018560839318,37.89220364808464,4.1719450640764215,Dinner,1,1,1
266,Sambar 14,317,24.578462428687907,67.96035005966337,6.791383162225967,Breakfast,0,0,1
267,Idli 14,299,21.81449348873421,44.33108242779966,9.393121349571711,Snacks,0,0,0
268,Dosa 14,320,25.239247435155793,64.35774989778054,5.950738441215403,Lunch,1,1,0
269,Upma 14,228,18.08464227311213,45.199127311444,4.15974873690234,Dinner,1,0,0
270,Poha 14,432,11.36911954568677,8.154700711803834,4.69562567347128,Dinner,1,1,0
271,Paratha 14,137,4.404828861266985,78.6855343291099,4.550696784341151,Lunch,1,0,1
272,Paneer Tikka 14,330,21.48874637200188,14.411191783052367,7.32051693887474,Snacks,0,0,1
273,Mixed Veg 14,139,9.341045980828582,5.15982656491195,2.0094745558715985,Lunch,0,0,1
274,Dal Makhani 14,367,5.77509590687043,54.71825498430677,4.421266354651492,Snacks,1,0,1
275,Biryani 14,63,20.22576218776424,51.397078730519645,9.506286774807108,Lunch,0,1,1
276,Pulao 14,440,3.144901885441522,61.522880260539026,19.245997142273737,Snacks,1,1,1
277,Khichdi 14,50,21.5149954627506,46.40995546069336,16.32096174844726,Dinner,1,1,1
278,Salad 14,375,6.155365864820731,48.830755841102786,15.39967955199543,Breakfast,1,1,0
279,Soup 14,389,11.770351286799622,39.70590023882627,22.319245626175025,Snacks,1,1,1
280,Roti 15,435,4.4019465814243075,25.497318920366837,14.319900863540795,Lunch,0,0,1
281,Dal 15,163,19.923875600629337,64.85325889542875,19.544862014926828,Dinner,1,1,1
282,Rice 15,170,8.22562770566177,39.83159457418855,3.3677389503635276,Snacks,0,0,0
283,Vegetable Curry 15,283,14.066750929925336,60.67013407309837,21.58292973032706,Lunch,1,1,1
284,Chicken Curry 15,388,9.280640655308627,18.877401573851465,24.388617638465462,Dinner,1,0,1
285,Fish Curry 15,182,8.055395699090388,59.92955997565307,11.641374167488749,Snacks,1,1,0
286,Sambar 15,168,19.599370042596846,50.85699498037413,7.9221689361064875,Lunch,0,0,1
287,Idli 15,257,7.557439300636139,45.61650206826677,22.92517184174884,Lunch,1,1,1
288,Dosa 15,316,5.642347721452179,13.518378449153829,5.781890158716809,Snacks,1,0,0
289,Upma 15,203,9.565759829665987,79.61582410325025,11.047237321123696,Breakfast,1,0,1
290,Poha 15,155,22.432251026421994,56.89516792479734,10.35192890083368,Lunch,1,0,0
291,Paratha 15,73,20.89886763236886,72.03433247683273,4.679484959938334,Breakfast,1,0,1
292,Paneer Tikka 15,58,18.584723564640775,72.78101763535567,23.86879871814288,Snacks,1,1,1
293,Mixed Veg 15,406,1.6424326563481164,28.889269198646517,14.133576108161247,Lunch,1,1,0
294,Dal Makhani 15,106,27.60450039639604,48.69249727618393,17.04484690749282,Dinner,1,1,0
295,Biryani 15,351,18.92073497225701,32.96138090568172,7.764552403394633,Snacks,1,0,1
296,Pulao 15,321,19.82247557805893,79.96680686831336,22.87125938824137,Lunch,0,0,1
297,Khichdi 15,323,8.631237652928615,44.90690892008164,23.806751623933145,Snacks,1,0,1
298,Salad 15,391,4.269276068673149,75.43432122450655,17.04890814251682,Snacks,1,1,0
299,Soup 15,438,5.765402267300612,57.23409064380962,23.67591834775036,Dinner,1,1,0
300,Roti 16,241,19.047125569095606,14.0009378966203,17.53064377926865,Dinner,0,0,1
301,Dal 16,232,11.007892138927618,48.459389682317116,19.81548327265616,Snacks,0,1,1
302,Rice 16,324,12.932559412048366,68.94006627285484,9.380143936389903,Snacks,1,1,1
303,Vegetable Curry 16,248,26.20598130652586,38.16570022939652,11.93571386814068,Snacks,1,1,1
304,Chicken Curry 16,249,9.083992196002546,75.50487611738065,9.301678818805737,Breakfast,1,1,0
305,Fish Curry 16,108,17.261463464421425,16.25748672841315,20.990663012435366,Dinner,1,1,1
306,Sambar 16,95,6.685711020288114,39.87463554700228,14.489326107211262,Snacks,1,1,1
307,Idli 16,464,19.182178576341883,69.62977181056681,21.096907209181026,Breakfast,1,1,0
308,Dosa 16,360,10.425758324556197,32.27994037285879,23.8026077644227,Lunch,0,1,1
309,Upma 16,367,13.112387374344078,20.79396712066897,13.439023300845609,Dinner,0,1,1
310,Poha 16,166,27.54058925131061,65.66147340499083,17.1086886013327,Dinner,1,0,1
311,Paratha 16,78,20.4429901122924,37.892270273467986,23.456131472872503,Dinner,1,1,0
312,Paneer Tikka 16,221,16.891037728652,22.204646343172804,12.216612015423983,Dinner,0,1,1
313,Mixed Veg 16,105,29.48203924537996,6.879302998165894,20.859544404752974,Breakfast,1,0,1
314,Dal Makhani 16,109,11.876467804056777,64.05612854528715,4.410722217480993,Dinner,1,1,1
315,Biryani 16,89,10.069256798612242,13.164922070939296,16.564645395456065,Snacks,0,1,0
316,Pulao 16,185,10.047563753270868,66.70557187103188,22.579666657891785,Lunch,1,1,0
317,Khichdi 16,70,27.879395024528716,14.149676416057043,10.049264738781831,Dinner,1,1,1
318,Salad 16,241,8.98906726068037,7.097562528399344,1.3161590139578196,Snacks,1,1,1
319,Soup 16,418,6.543545842484179,76.31985407252928,22.375932901001374,Dinner,0,0,0
320,Roti 17,392,10.365905739208008,5.1208432036364835,5.938274629049395,Dinner,1,1,0
321,Dal 17,99,24.187512008029675,32.23395762613124,2.347950026764507,Snacks,1,1,0
322,Rice 17,278,16.51190275862314,61.0698961428748,19.825191782210773,Snacks,1,1,1
323,Vegetable Curry 17,211,28.06716969256488,76.1056798937341,5.630893599318164,Snacks,1,0,1
324,Chicken Curry 17,432,18.627169878600775,5.265968511358142,18.822663926800015,Snacks,0,1,0
325,Fish Curry 17,404,21.78750343931614,73.66984934234102,6.863381364798669,Lunch,0,1,1
326,Sambar 17,405,27.905725614590757,14.49343989483897,20.131139575767747,Dinner,1,0,0
327,Idli 17,463,26.938376086131743,63.06663265437239,24.588151919397806,Lunch,1,1,1
328,Dosa 17,393,1.1824774214683562,74.25863615071752,7.736273644112113,Lunch,0,1,1
329,Upma 17,354,17.867497006122072,50.47316012773793,1.328693356113586,Dinner,0,1,0
330,Poha 17,236,27.202099954126723,56.5188846091174,16.30799288612897,Snacks,0,0,1
331,Paratha 17,74,9.094497450429712,65.39883606410453,19.82043001527228,Breakfast,1,1,1
332,Paneer Tikka 17,135,19.798044298952334,35.328212804240565,8.46288023378375,Snacks,1,1,1
333,Mixed Veg 17,440,29.850018682450845,10.411727517572736,9.921173625971951,Breakfast,1,1,1
334,Dal Makhani 17,398,20.059844878835186,29.899385494640075,12.308397718052788,Breakfast,1,1,1
335,Biryani 17,257,21.367324388558465,5.124462492244473,17.015336812400076,Snacks,1,0,1
336,Pulao 17,290,11.985603103012437,21.845301421949184,22.435653120147283,Snacks,1,0,1
337,Khichdi 17,286,24.82378585601105,16.824637426132334,9.527565217871988,Snacks,1,1,1
338,Salad 17,223,23.161010788391298,23.120177972367355,7.666005081343419,Breakfast,1,0,1
339,Soup 17,368,15.003837278663294,75.35144382153938,19.58261629892202,Lunch,1,1,0
340,Roti 18,89,8.227098674734872,44.38251109229295,21.80638158209947,Snacks,1,1,0
341,Dal 18,146,18.76813215358337,24.743425586280285,23.565749075953043,Dinner,0,1,0
342,Rice 18,357,25.9721496095884,72.80420184193706,7.297792373810132,Dinner,1,1,1
343,Vegetable Curry 18,364,15.096207421315565,5.944154387018709,12.6413673430295,Breakfast,1,1,0
344,Chicken Curry 18,323,27.67474930270858,26.569144572002685,2.5792029007009507,Dinner,0,1,1
345,Fish Curry 18,93,27.388683517770954,13.696639450024321,4.24547915200352,Snacks,1,0,1
346,Sambar 18,117,28.129721027093787,58.446366248254215,10.343165564303384,Snacks,0,1,1
347,Idli 18,269,9.179504011302328,20.961884088996733,7.493583274428287,Breakfast,0,1,1
348,Dosa 18,143,23.066876321199047,12.19846462543069,16.78259649455839,Snacks,1,1,1
349,Upma 18,383,21.02208213291536,50.484374989880735,8.577585661183553,Breakfast,1,1,1
350,Poha 18,178,4.9843161935365625,53.700778781952415,4.911599734827389,Lunch,1,1,1
351,Paratha 18,298,28.38029551584051,46.56890165254729,1.5417831743633377,Snacks,1,0,1
352,Paneer Tikka 18,435,26.64141445740391,44.95598666486638,5.796857970138302,Dinner,1,0,1
353,Mixed Veg 18,195,21.533141498879036,50.28823049468714,19.252223026210537,Lunch,1,0,1
354,Dal Makhani 18,92,6.715735114767852,10.019886608197783,8.954387391252627,Snacks,1,0,1
355,Biryani 18,319,18.802796264339833,77.10278360552223,1.4466712092829237,Breakfast,1,0,1
356,Pulao 18,338,24.523054625750973,11.269334589713571,16.181564044405413,Lunch,1,1,1
357,Khichdi 18,118,29.491549677041363,65.4389168991928,23.356270748360142,Breakfast,1,1,0
358,Salad 18,114,24.3519612203697,62.95944303263457,13.638897321724068,Lunch,1,1,0
359,Soup 18,229,26.398311533242683,29.76763070059774,14.240959357840019,Lunch,1,0,1
360,Roti 19,126,6.241427448878091,28.677431944184857,10.369042210485969,Snacks,0,0,1
361,Dal 19,415,11.723058101546009,10.077180780006927,13.900203673174495,Lunch,0,1,0
362,Rice 19,259,5.002317346162932,46.60434958748279,11.806159552578123,Dinner,1,0,1
363,Vegetable Curry 19,304,14.43432253492655,57.61150880298115,10.896851263556911,Breakfast,0,1,0
364,Chicken Curry 19,147,16.145026341689768,6.820991382507087,12.208016300533515,Breakfast,1,0,1
365,Fish Curry 19,294,9.139503165738123,50.841771116068166,9.951493240680492,Dinner,0,0,1
366,Sambar 19,108,25.546716252285275,77.8715874697237,17.862775967952054,Dinner,0,0,1
367,Idli 19,85,4.610110601414565,31.91463427106524,18.976195917160315,Snacks,1,1,1
368,Dosa 19,203,27.893122099280873,62.72322830814392,3.863525793043726,Lunch,1,1,0
369,Upma 19,94,20.109706791319866,42.640655049036845,19.090757919844915,Snacks,1,1,1
370,Poha 19,226,1.3260354532601597,13.281728037569042,19.085989365271192,Dinner,1,0,0
371,Paratha 19,119,18.617037754436698,65.69852574394406,15.793333308630185,Lunch,1,1,1
372,Paneer Tikka 19,97,4.86949672661216,6.55820647620847,17.973561035738893,Breakfast,0,0,0
373,Mixed Veg 19,365,3.975107405847493,37.326149343990174,22.919025459632454,Lunch,1,1,1
374,Dal Makhani 19,284,28.21272688723021,68.1028726831673,11.981947167575386,Dinner,1,1,1
375,Biryani 19,370,17.887636956247988,7.901336973441171,3.006212259511253,Breakfast,0,1,1
376,Pulao 19,67,20.135989086250405,78.27450949135104,8.093306721489496,Breakfast,1,1,1
377,Khichdi 19,365,23.010007055392723,28.362301705303345,24.802418823636252,Lunch,1,0,0
378,Salad 19,325,24.678334556931475,21.692457331633204,22.229671430451063,Snacks,1,0,1
379,Soup 19,236,29.53340666247461,73.5402663837016,17.065599114076726,Lunch,1,1,1
380,Roti 20,197,4.7522249616014,72.85357862185957,3.511719794389246,Snacks,1,1,1
381,Dal 20,298,13.589398374059177,27.08443856762401,11.510220524064625,Lunch,1,1,1
382,Rice 20,126,28.367785941364808,47.50404276587745,18.487880085305804,Breakfast,0,1,1
383,Vegetable Curry 20,303,8.360425957664027,33.49618206970598,2.316377645658693,Snacks,1,1,1
384,Chicken Curry 20,149,15.691810019384826,58.24397393169987,1.3028673579077221,Breakfast,0,1,1
385,Fish Curry 20,173,3.8904039319861528,23.34989492460998,9.139749930529087,Dinner,0,1,0
386,Sambar 20,119,25.244454990427954,58.677070446199814,20.235338561691805,Breakfast,1,0,0
387,Idli 20,293,17.999120384643607,70.11416359569988,5.127891142441607,Snacks,0,1,1
388,Dosa 20,404,23.734392311364537,77.25907169634797,11.701940736427733,Breakfast,1,1,1
389,Upma 20,160,28.604203674657246,25.244243574200173,6.033410139812487,Lunch,1,0,1
390,Poha 20,292,4.390251053303251,35.69147523687424,6.523792192914726,Snacks,0,1,1
391,Paratha 20,340,2.7327901903201903,46.56163984236792,20.09543185136316,Snacks,0,1,1
392,Paneer Tikka 20,275,29.883467488075894,64.45156662653432,3.8090690505957996,Snacks,1,0,1
393,Mixed Veg 20,114,14.125921089091943,35.70342406845329,3.935496091157133,Lunch,0,0,1
394,Dal Makhani 20,330,14.51874467837955,37.33258325145224,23.10830099229905,Lunch,1,1,1
395,Biryani 20,81,9.678207848951665,35.345954717641945,6.362072392400718,Breakfast,1,1,1
396,Pulao 20,461,14.335154494796088,58.151550674405065,22.698555468665838,Lunch,1,1,0
397,Khichdi 20,467,23.506650000757947,22.8819478391987,18.975145739539354,Dinner,0,1,0
398,Salad 20,67,18.97107589473412,54.12819763116792,11.053931339102583,Lunch,1,0,1
399,Soup 20,178,1.1568436442885364,47.90441756670536,10.865032018971664,Snacks,1,1,1
400,Roti 21,281,19.108344945754,70.31556645061379,11.787062393054534,Lunch,1,0,1
401,Dal 21,368,4.616502656783252,27.867652724896008,8.858193423884126,Snacks,1,1,1
402,Rice 21,384,25.476246696431303,39.47089990035921,15.302374013893377,Dinner,1,0,0
403,Vegetable Curry 21,194,24.801674712724342,20.34654886679126,9.411529919850196,Dinner,1,1,1
404,Chicken Curry 21,147,4.261005239007297,8.982183843492237,6.893703232819355,Snacks,1,1,1
405,Fish Curry 21,91,27.561947610819253,49.43305717807225,16.39066658382319,Breakfast,1,1,0
406,Sambar 21,337,8.419178883505102,18.47456104302865,17.528052862022694,Snacks,0,1,1
407,Idli 21,138,6.263854374265404,51.9631012971,16.698528246773016,Lunch,1,1,1
408,Dosa 21,258,15.293836147406008,29.135896076318545,7.345161268507162,Dinner,1,0,1
409,Upma 21,462,27.735279041331058,52.0156837346932,24.183360692112615,Lunch,0,0,1
410,Poha 21,77,21.047283887444312,47.63866607883083,11.408718530752914,Lunch,0,1,1
411,Paratha 21,235,16.59859327692635,67.27179977372994,23.971072235596186,Dinner,1,0,0
412,Paneer Tikka 21,180,14.804900052187815,21.49564807673913,11.499596275934984,Lunch,1,1,1
413,Mixed Veg 21,481,18.88679973783704,46.2040046148233,15.389974805607984,Lunch,0,1,1
414,Dal Makhani 21,255,27.721214617731174,44.94468988900383,3.1098284600706902,Snacks,0,1,1
415,Biryani 21,154,24.475507353976713,28.472110618222274,10.612510149558712,Snacks,0,1,1
416,Pulao 21,429,19.394429929702437,38.338477741475685,12.340633591094214,Dinner,0,1,1
417,Khichdi 21,374,25.22135825538253,52.98272541565887,22.72250049459636,Snacks,0,1,1
418,Salad 21,181,13.644061021172902,37.9907708607909,13.823990182309307,Lunch,0,0,1
419,Soup 21,499,16.449203437503563,20.18938593300031,10.473038727992225,Dinner,1,1,0
420,Roti 22,400,4.085244352547404,34.96651471941412,20.14773586103362,Snacks,0,1,0
421,Dal 22,358,19.46553217835811,32.73799774617004,24.38128311650221,Lunch,1,0,1
422,Rice 22,306,25.507888122651014,72.39561012142075,6.2291029920139,Snacks,1,0,1
423,Vegetable Curry 22,105,23.901046993589308,19.950414480819134,10.32442187377345,Breakfast,0,0,1
424,Chicken Curry 22,117,19.055141214850863,9.969406910630163,21.662740631753863,Lunch,1,1,1
425,Fish Curry 22,227,25.5494464185408,35.49374389941932,20.627042741892836,Dinner,0,0,1
426,Sambar 22,365,17.425581370292708,28.301990908051334,21.50990320848362,Dinner,1,0,1
427,Idli 22,396,14.000160387457782,29.106795709646132,15.983796581260282,Breakfast,1,0,0
428,Dosa 22,240,14.710976053311995,50.28654730181226,20.575633636865625,Dinner,0,1,0
429,Upma 22,288,12.40436914272513,24.906357535407178,24.301799530708593,Lunch,1,1,0
430,Poha 22,341,26.805913453713863,27.737501552168055,1.2247394522977606,Lunch,1,0,1
431,Paratha 22,403,19.03015307129192,24.69447814538669,4.294176906502628,Breakfast,0,1,1
432,Paneer Tikka 22,136,3.554394605122485,74.63974533036392,9.842273208860904,Breakfast,1,1,1
433,Mixed Veg 22,163,19.879789271460687,64.84411233011488,9.850902842949214,Snacks,1,1,0
434,Dal Makhani 22,159,18.157658555550316,48.02357942158617,21.502154976287244,Breakfast,0,1,1
435,Biryani 22,167,9.449095221308655,59.745744382174536,13.423189077452381,Breakfast,1,0,0
436,Pulao 22,232,2.598197351023814,48.12605386953345,7.680760619092726,Breakfast,0,0,1
437,Khichdi 22,103,6.381316862554683,37.56113778133271,17.937295515642724,Dinner,1,0,1
438,Salad 22,235,23.60148799806432,53.46046755356403,8.1639571100798,Dinner,0,0,1
439,Soup 22,67,10.962498201749378,62.100609901645086,2.2558010914855595,Snacks,1,0,0
440,Roti 23,170,9.446840600031031,77.53989328766035,5.154836700752912,Snacks,1,0,1
441,Dal 23,388,24.588622856087277,26.903953739946907,13.612310444819837,Lunch,1,0,1
442,Rice 23,487,7.808236074127498,44.08338285254635,18.957264231942123,Dinner,0,1,1
443,Vegetable Curry 23,163,4.29985674793465,15.870670585239282,20.581826467921616,Lunch,0,0,1
444,Chicken Curry 23,361,17.32047871377567,49.02962453067381,2.47922325018523,Breakfast,1,1,1
445,Fish Curry 23,75,5.522543060352783,39.057320180053125,18.529381877609502,Dinner,1,0,1
446,Sambar 23,322,29.31718389124454,35.8211301121532,18.263532411408377,Breakfast,1,1,0
447,Idli 23,486,19.737379410646348,21.377640626485544,2.228057120666403,Lunch,1,1,0
448,Dosa 23,149,21.72660517115362,31.45649600129078,13.973943977042346,Snacks,1,1,1
449,Upma 23,346,6.723836297246657,9.848786735939473,4.0815841607519765,Lunch,1,1,1
450,Poha 23,144,10.771440691466283,48.52529819926365,22.69092696981736,Lunch,0,1,1
451,Paratha 23,75,7.563143377846034,53.3397663311042,4.738783458795201,Lunch,1,1,1
452,Paneer Tikka 23,169,10.446541147615806,60.7586188001959,2.0491397234766744,Dinner,1,0,0
453,Mixed Veg 23,277,27.645143381074327,75.2171941675432,8.755984842713826,Lunch,0,1,1
454,Dal Makhani 23,466,28.69119480283087,9.017857275375917,1.1232010133686714,Dinner,0,1,0
455,Biryani 23,171,13.45561571124199,74.30901045496873,22.676133098224092,Dinner,0,1,1
456,Pulao 23,182,10.586302705214884,6.9306598876907275,4.855999110581748,Dinner,1,1,0
457,Khichdi 23,142,5.120503104635077,62.930924259665254,8.285150572021005,Dinner,1,1,1
458,Salad 23,213,25.14292720945597,47.98070613172125,11.136491316243621,Breakfast,1,1,1
459,Soup 23,449,8.753998794994722,38.70534569120648,3.2694047188064035,Lunch,1,1,1
460,Roti 24,317,5.081284864354443,37.68871050528895,17.28407089443002,Lunch,0,1,1
461,Dal 24,357,11.688339222099534,78.51428721954375,3.244903504315607,Dinner,1,0,1
462,Rice 24,400,27.84591719791734,51.235513299649,11.52458584267908,Dinner,0,1,1
463,Vegetable Curry 24,476,21.519311922120313,24.788534647202248,9.812081145151023,Breakfast,1,1,1
464,Chicken Curry 24,275,2.1475083466114095,12.333668344875738,8.244243865251878,Lunch,1,1,1
465,Fish Curry 24,51,15.860270429261911,33.502764527992284,20.578939002331648,Breakfast,1,1,0
466,Sambar 24,148,21.206711329799955,46.55628902978998,1.125176944963946,Breakfast,0,1,1
467,Idli 24,473,10.608010485781367,12.001204138220837,13.396087572371083,Breakfast,0,0,1
468,Dosa 24,264,28.55487648093051,8.846401004878693,11.335563508884604,Dinner,1,1,1
469,Upma 24,93,8.276201496740116,77.42004559709157,16.218201525774102,Breakfast,0,0,0
470,Poha 24,410,26.898680338059698,39.773524168458835,5.708867582806664,Lunch,1,1,0
471,Paratha 24,125,7.0983213176977005,36.75582615109935,3.5172651596777174,Snacks,1,1,0
472,Paneer Tikka 24,450,17.2994042315735,17.765430910250743,24.626771631714053,Dinner,1,0,1
473,Mixed Veg 24,119,27.953191361513948,22.251105474902193,7.215751924161028,Dinner,1,0,1
474,Dal Makhani 24,83,15.607355257702086,56.11998074044425,1.048766677334565,Breakfast,0,1,1
475,Biryani 24,470,20.454306136076017,36.27758607392104,7.196050894951469,Breakfast,1,1,1
476,Pulao 24,291,6.545680746121247,17.965757175492442,7.701546306786234,Breakfast,1,1,1
477,Khichdi 24,235,25.0552900222318,44.35861046474225,24.49850640608871,Breakfast,1,1,1
478,Salad 24,128,24.06286938823612,74.5479260276797,4.507168983706424,Breakfast,1,1,1
479,Soup 24,309,19.896781314396428,27.881929783835865,23.283371295416913,Snacks,0,0,1
480,Roti 25,358,27.20928862831183,20.623731672297023,10.491640406904864,Dinner,0,0,1
481,Dal 25,98,14.410977700099586,25.932802999669814,20.684589374425492,Breakfast,0,1,0
482,Rice 25,412,12.391837533546436,6.454886127334209,8.180238845998169,Snacks,0,1,0
483,Vegetable Curry 25,468,13.967337814672922,13.224468433452689,4.793899554361538,Dinner,0,0,1
484,Chicken Curry 25,238,18.4473607179531,20.289835731299405,1.508664509221033,Snacks,1,0,1
485,Fish Curry 25,492,24.372128224626852,18.34519644942401,20.026782638248186,Dinner,1,1,1
486,Sambar 25,238,29.61915119933617,52.43316415015776,10.267405302487957,Snacks,0,0,0
487,Idli 25,190,21.40940222621159,75.43212461030029,15.304936001281824,Dinner,1,1,1
488,Dosa 25,489,18.056495000521195,60.45264684165369,3.402567563657282,Snacks,1,1,0
489,Upma 25,194,1.7402795867080587,56.18791845347554,3.9660641198796656,Lunch,0,1,0
490,Poha 25,173,11.94549487337319,54.19441167716271,5.0806190176423325,Breakfast,1,1,1
491,Paratha 25,466,26.87689759274518,51.08445254947188,3.050880234096751,Snacks,1,1,1
492,Paneer Tikka 25,373,3.789027052162325,53.01081917951985,18.398230586692815,Dinner,1,0,1
493,Mixed Veg 25,181,9.473590490910501,64.45766485498145,18.62107107308794,Lunch,1,0,1
494,Dal Makhani 25,85,9.263882415713368,12.105384191758324,9.9674222187643,Breakfast,1,0,1
495,Biryani 25,244,1.0508924981110395,28.898132096798435,5.094449111960327,Snacks,0,1,0
496,Pulao 25,486,14.715633243868888,5.107362771303307,19.433171219080982,Lunch,1,0,1
497,Khichdi 25,427,18.340398187384718,71.1929587350706,21.003504123237093,Snacks,0,0,0
498,Salad 25,386,20.398233067645336,64.19489028728331,13.776221072321675,Breakfast,1,1,1
499,Soup 25,241,27.89783787601382,66.00148860558119,22.761306926669008,Snacks,0,1,1
